Date	Ticker	 Price 
12/1/1998	 SPX 	1,229.23
1/1/1999	 SPX 	1,279.64
2/1/1999	 SPX 	1,238.33
3/1/1999	 SPX 	1,286.37
4/1/1999	 SPX 	1,335.18
5/1/1999	 SPX 	1,301.84
6/1/1999	 SPX 	1,372.71
7/1/1999	 SPX 	1,328.72
8/1/1999	 SPX 	1,320.41
9/1/1999	 SPX 	1,282.71
10/1/1999	 SPX 	1,362.93
11/1/1999	 SPX 	1,388.91
12/1/1999	 SPX 	1,469.25
1/1/2000	 SPX 	1,394.46
2/1/2000	 SPX 	1,366.42
3/1/2000	 SPX 	1,498.58
4/1/2000	 SPX 	1,452.43
5/1/2000	 SPX 	1,420.60
6/1/2000	 SPX 	1,454.60
7/1/2000	 SPX 	1,430.83
8/1/2000	 SPX 	1,517.68
9/1/2000	 SPX 	1,436.51
10/1/2000	 SPX 	1,429.40
11/1/2000	 SPX 	1,314.95
12/1/2000	 SPX 	1,320.28
1/1/2001	 SPX 	1,366.01
2/1/2001	 SPX 	1,239.94
3/1/2001	 SPX 	1,160.33
4/1/2001	 SPX 	1,249.46
5/1/2001	 SPX 	1,255.82
6/1/2001	 SPX 	1,224.38
7/1/2001	 SPX 	1,211.23
8/1/2001	 SPX 	1,133.58
9/1/2001	 SPX 	1,040.94
10/1/2001	 SPX 	1,059.78
11/1/2001	 SPX 	1,139.45
12/1/2001	 SPX 	1,148.08
1/1/2002	 SPX 	1,130.20
2/1/2002	 SPX 	1,106.73
3/1/2002	 SPX 	1,147.39
4/1/2002	 SPX 	1,076.92
5/1/2002	 SPX 	1,067.14
6/1/2002	 SPX 	989.82
7/1/2002	 SPX 	911.62
8/1/2002	 SPX 	916.07
9/1/2002	 SPX 	815.28
10/1/2002	 SPX 	885.76
11/1/2002	 SPX 	936.31
12/1/2002	 SPX 	879.82
1/1/2003	 SPX 	855.7
2/1/2003	 SPX 	841.15
3/1/2003	 SPX 	848.18
4/1/2003	 SPX 	916.92
5/1/2003	 SPX 	963.59
6/1/2003	 SPX 	974.5
7/1/2003	 SPX 	990.31
8/1/2003	 SPX 	1,008.01
9/1/2003	 SPX 	995.97
10/1/2003	 SPX 	1,050.71
11/1/2003	 SPX 	1,058.20
12/1/2003	 SPX 	1,111.92
1/1/2004	 SPX 	1,131.13
2/1/2004	 SPX 	1,144.94
3/1/2004	 SPX 	1,126.21
4/1/2004	 SPX 	1,107.30
5/1/2004	 SPX 	1,120.68
6/1/2004	 SPX 	1,140.84
7/1/2004	 SPX 	1,101.72
8/1/2004	 SPX 	1,104.24
9/1/2004	 SPX 	1,114.58
10/1/2004	 SPX 	1,130.20
11/1/2004	 SPX 	1,173.82
12/1/2004	 SPX 	1,211.92
1/1/2005	 SPX 	1,181.27
2/1/2005	 SPX 	1,203.60
3/1/2005	 SPX 	1,180.59
4/1/2005	 SPX 	1,156.85
5/1/2005	 SPX 	1,191.50
6/1/2005	 SPX 	1,191.33
7/1/2005	 SPX 	1,234.18
8/1/2005	 SPX 	1,220.33
9/1/2005	 SPX 	1,228.81
10/1/2005	 SPX 	1,207.01
11/1/2005	 SPX 	1,249.48
12/1/2005	 SPX 	1,248.29
1/1/2006	 SPX 	1,280.08
2/1/2006	 SPX 	1,280.66
3/1/2006	 SPX 	1,294.87
4/1/2006	 SPX 	1,310.61
5/1/2006	 SPX 	1,270.09
6/1/2006	 SPX 	1,270.20
7/1/2006	 SPX 	1,276.66
8/1/2006	 SPX 	1,303.82
9/1/2006	 SPX 	1,335.85
10/1/2006	 SPX 	1,377.94
11/1/2006	 SPX 	1,400.63
12/1/2006	 SPX 	1,418.30
1/1/2007	 SPX 	1,438.24
2/1/2007	 SPX 	1,406.82
3/1/2007	 SPX 	1,420.86
4/1/2007	 SPX 	1,482.37
5/1/2007	 SPX 	1,530.62
6/1/2007	 SPX 	1,503.35
7/1/2007	 SPX 	1,455.27
8/1/2007	 SPX 	1,473.99
9/1/2007	 SPX 	1,526.75
10/1/2007	 SPX 	1,549.38
11/1/2007	 SPX 	1,481.14
12/1/2007	 SPX 	1,468.36
1/1/2008	 SPX 	1,378.55
2/1/2008	 SPX 	1,330.63
3/1/2008	 SPX 	1,322.70
4/1/2008	 SPX 	1,385.59
5/1/2008	 SPX 	1,400.38
6/1/2008	 SPX 	1,280.00
7/1/2008	 SPX 	1,267.38
8/1/2008	 SPX 	1,282.83
9/1/2008	 SPX 	1,166.36
10/1/2008	 SPX 	968.75
11/1/2008	 SPX 	896.24
12/1/2008	 SPX 	903.25
1/1/2009	 SPX 	825.88
2/1/2009	 SPX 	735.09
3/1/2009	 SPX 	797.87
4/1/2009	 SPX 	872.81
5/1/2009	 SPX 	919.14
6/1/2009	 SPX 	919.32
7/1/2009	 SPX 	987.48
8/1/2009	 SPX 	1,020.62
9/1/2009	 SPX 	1,057.08
10/1/2009	 SPX 	1,036.19
11/1/2009	 SPX 	1,095.63
12/1/2009	 SPX 	1,115.10
1/1/2010	 SPX 	1,073.87
2/1/2010	 SPX 	1,104.49
3/1/2010	 SPX 	1,169.43
4/1/2010	 SPX 	1,186.69
5/1/2010	 SPX 	1,089.41
6/1/2010	 SPX 	1,030.71
7/1/2010	 SPX 	1,101.60
8/1/2010	 SPX 	1,049.33
9/1/2010	 SPX 	1,141.20
10/1/2010	 SPX 	1,183.26
11/1/2010	 SPX 	1,180.55
12/1/2010	 SPX 	1,257.64
1/1/2011	 SPX 	1,286.12
2/1/2011	 SPX 	1,327.22
3/1/2011	 SPX 	1,325.83
4/1/2011	 SPX 	1,363.61
5/1/2011	 SPX 	1,345.20
6/1/2011	 SPX 	1,320.64
7/1/2011	 SPX 	1,292.28
8/1/2011	 SPX 	1,218.89
9/1/2011	 SPX 	1,131.42
10/1/2011	 SPX 	1,253.30
11/1/2011	 SPX 	1,246.96
12/1/2011	 SPX 	1,257.60
1/1/2012	 SPX 	1,312.41
2/1/2012	 SPX 	1,365.68
3/1/2012	 SPX 	1,408.47
4/1/2012	 SPX 	1,397.91
5/1/2012	 SPX 	1,310.33
6/1/2012	 SPX 	1,362.16
7/1/2012	 SPX 	1,379.32
8/1/2012	 SPX 	1,406.58
9/1/2012	 SPX 	1,440.67
10/1/2012	 SPX 	1,412.16
11/1/2012	 SPX 	1,416.18
12/1/2012	 SPX 	1,426.19
1/1/2013	 SPX 	1,498.11
2/1/2013	 SPX 	1,514.68
3/1/2013	 SPX 	1,569.19
4/1/2013	 SPX 	1,597.57
5/1/2013	 SPX 	1,630.74
6/1/2013	 SPX 	1,606.28
7/1/2013	 SPX 	1,685.73
8/1/2013	 SPX 	1,632.97
9/1/2013	 SPX 	1,681.55
10/1/2013	 SPX 	1,756.54
11/1/2013	 SPX 	1,805.81
12/1/2013	 SPX 	1,848.36
1/1/2014	 SPX 	1,782.59
2/1/2014	 SPX 	1,859.45
3/1/2014	 SPX 	1,872.34
4/1/2014	 SPX 	1,883.95
5/1/2014	 SPX 	1,923.57
6/1/2014	 SPX 	1,960.23
7/1/2014	 SPX 	1,930.67
8/1/2014	 SPX 	2,003.37
9/1/2014	 SPX 	1,972.29
10/1/2014	 SPX 	2,018.05
11/1/2014	 SPX 	2,067.56
12/1/2014	 SPX 	2,058.90
1/1/2015	 SPX 	1,994.99
2/1/2015	 SPX 	2,104.50
3/1/2015	 SPX 	2,067.89
4/1/2015	 SPX 	2,085.51
5/1/2015	 SPX 	2,107.39
6/1/2015	 SPX 	2,063.11
7/1/2015	 SPX 	2,103.84
8/1/2015	 SPX 	1,972.18
9/1/2015	 SPX 	1,920.03
10/1/2015	 SPX 	2,079.36
11/1/2015	 SPX 	2,080.41
12/1/2015	 SPX 	2,043.94
1/1/2016	 SPX 	1,940.24
2/1/2016	 SPX 	1,932.23
3/1/2016	 SPX 	2,059.74
4/1/2016	 SPX 	2,065.30
5/1/2016	 SPX 	2,096.95
6/1/2016	 SPX 	2,098.86
7/1/2016	 SPX 	2,173.60
8/1/2016	 SPX 	2,170.95
9/1/2016	 SPX 	2,168.27
10/1/2016	 SPX 	2,126.15
11/1/2016	 SPX 	2,198.81
12/1/2016	 SPX 	2,238.83
1/1/2017	 SPX 	2,278.87
2/1/2017	 SPX 	2,363.64
3/1/2017	 SPX 	2,362.72
4/1/2017	 SPX 	2,384.20
5/1/2017	 SPX 	2,411.80
6/1/2017	 SPX 	2,423.41
7/1/2017	 SPX 	2,470.30
8/1/2017	 SPX 	2,471.65
9/1/2017	 SPX 	2,519.36
10/1/2017	 SPX 	2,575.26
11/1/2017	 SPX 	2,587.84
12/1/1998	 XLY 	20.9016
1/1/1999	 XLY 	21.9767
2/1/1999	 XLY 	21.8392
3/1/1999	 XLY 	22.8768
4/1/1999	 XLY 	23.5023
5/1/1999	 XLY 	22.4386
6/1/1999	 XLY 	23.8527
7/1/1999	 XLY 	22.1054
8/1/1999	 XLY 	21.2533
9/1/1999	 XLY 	20.9149
10/1/1999	 XLY 	22.8021
11/1/1999	 XLY 	22.8146
12/1/1999	 XLY 	24.948
1/1/2000	 XLY 	21.8757
2/1/2000	 XLY 	20.6569
3/1/2000	 XLY 	23.5343
4/1/2000	 XLY 	23.0892
5/1/2000	 XLY 	21.8428
6/1/2000	 XLY 	20.6216
7/1/2000	 XLY 	20.989
8/1/2000	 XLY 	20.1187
9/1/2000	 XLY 	20.0935
10/1/2000	 XLY 	19.8904
11/1/2000	 XLY 	19.3973
12/1/2000	 XLY 	20.7124
1/1/2001	 XLY 	23.1789
2/1/2001	 XLY 	21.5238
3/1/2001	 XLY 	21.1668
4/1/2001	 XLY 	22.1936
5/1/2001	 XLY 	22.722
6/1/2001	 XLY 	22.4944
7/1/2001	 XLY 	23.5452
8/1/2001	 XLY 	21.484
9/1/2001	 XLY 	18.714
10/1/2001	 XLY 	19.759
11/1/2001	 XLY 	22.3903
12/1/2001	 XLY 	23.3708
1/1/2002	 XLY 	24.1769
2/1/2002	 XLY 	24.3078
3/1/2002	 XLY 	24.5861
4/1/2002	 XLY 	23.9287
5/1/2002	 XLY 	23.8058
6/1/2002	 XLY 	22.511
7/1/2002	 XLY 	19.8592
8/1/2002	 XLY 	20.4585
9/1/2002	 XLY 	18.6113
10/1/2002	 XLY 	19.8922
11/1/2002	 XLY 	20.8129
12/1/2002	 XLY 	18.9963
1/1/2003	 XLY 	18.4053
2/1/2003	 XLY 	18.3229
3/1/2003	 XLY 	18.7266
4/1/2003	 XLY 	20.9483
5/1/2003	 XLY 	22.0622
6/1/2003	 XLY 	22.3509
7/1/2003	 XLY 	22.7951
8/1/2003	 XLY 	23.96
9/1/2003	 XLY 	22.7868
10/1/2003	 XLY 	24.8931
11/1/2003	 XLY 	25.1165
12/1/2003	 XLY 	26.0513
1/1/2004	 XLY 	25.9731
2/1/2004	 XLY 	26.5372
3/1/2004	 XLY 	26.3381
4/1/2004	 XLY 	26.0744
5/1/2004	 XLY 	26.2406
6/1/2004	 XLY 	26.2738
7/1/2004	 XLY 	25.3103
8/1/2004	 XLY 	25.2604
9/1/2004	 XLY 	25.9507
10/1/2004	 XLY 	27.0383
11/1/2004	 XLY 	28.1712
12/1/2004	 XLY 	29.3957
1/1/2005	 XLY 	28.2255
2/1/2005	 XLY 	28.0751
3/1/2005	 XLY 	27.7074
4/1/2005	 XLY 	25.9814
5/1/2005	 XLY 	27.588
6/1/2005	 XLY 	27.429
7/1/2005	 XLY 	29.0278
8/1/2005	 XLY 	28.0724
9/1/2005	 XLY 	27.2261
10/1/2005	 XLY 	26.7205
11/1/2005	 XLY 	27.7867
12/1/2005	 XLY 	27.4089
1/1/2006	 XLY 	28.0382
2/1/2006	 XLY 	28.2408
3/1/2006	 XLY 	28.4011
4/1/2006	 XLY 	28.7698
5/1/2006	 XLY 	28.2888
6/1/2006	 XLY 	28.1791
7/1/2006	 XLY 	27.3005
8/1/2006	 XLY 	27.8418
9/1/2006	 XLY 	29.5586
10/1/2006	 XLY 	31.5305
11/1/2006	 XLY 	31.9288
12/1/2006	 XLY 	32.505
1/1/2007	 XLY 	33.5566
2/1/2007	 XLY 	32.5531
3/1/2007	 XLY 	32.3405
4/1/2007	 XLY 	33.166
5/1/2007	 XLY 	34.1628
6/1/2007	 XLY 	33.5068
7/1/2007	 XLY 	31.5774
8/1/2007	 XLY 	31.7737
9/1/2007	 XLY 	31.4324
10/1/2007	 XLY 	31.3403
11/1/2007	 XLY 	29.6301
12/1/2007	 XLY 	27.9626
1/1/2008	 XLY 	28.0591
2/1/2008	 XLY 	26.9739
3/1/2008	 XLY 	26.4572
4/1/2008	 XLY 	27.1216
5/1/2008	 XLY 	27.8632
6/1/2008	 XLY 	24.5603
7/1/2008	 XLY 	24.6927
8/1/2008	 XLY 	26.3977
9/1/2008	 XLY 	24.1474
10/1/2008	 XLY 	19.9592
11/1/2008	 XLY 	17.7966
12/1/2008	 XLY 	18.7346
1/1/2009	 XLY 	16.8729
2/1/2009	 XLY 	15.3414
3/1/2009	 XLY 	17.1967
4/1/2009	 XLY 	20.4921
5/1/2009	 XLY 	20.3425
6/1/2009	 XLY 	20.3073
7/1/2009	 XLY 	22.3292
8/1/2009	 XLY 	23.1156
9/1/2009	 XLY 	24.2731
10/1/2009	 XLY 	23.7758
11/1/2009	 XLY 	25.3715
12/1/2009	 XLY 	26.3909
1/1/2010	 XLY 	25.7686
2/1/2010	 XLY 	27.2037
3/1/2010	 XLY 	29.2716
4/1/2010	 XLY 	31.0956
5/1/2010	 XLY 	28.9077
6/1/2010	 XLY 	26.0143
7/1/2010	 XLY 	28.1677
8/1/2010	 XLY 	27.0478
9/1/2010	 XLY 	29.9326
10/1/2010	 XLY 	31.6916
11/1/2010	 XLY 	32.4916
12/1/2010	 XLY 	33.624
1/1/2011	 XLY 	33.6144
2/1/2011	 XLY 	35.6306
3/1/2011	 XLY 	35.3051
4/1/2011	 XLY 	36.7841
5/1/2011	 XLY 	36.6843
6/1/2011	 XLY 	36.4757
7/1/2011	 XLY 	36.0947
8/1/2011	 XLY 	34.2012
9/1/2011	 XLY 	31.7342
10/1/2011	 XLY 	35.6429
11/1/2011	 XLY 	35.3871
12/1/2011	 XLY 	35.6429
1/1/2012	 XLY 	37.9629
2/1/2012	 XLY 	39.681
3/1/2012	 XLY 	41.4266
4/1/2012	 XLY 	42.0334
5/1/2012	 XLY 	39.7202
6/1/2012	 XLY 	40.3469
7/1/2012	 XLY 	40.2676
8/1/2012	 XLY 	42.1265
9/1/2012	 XLY 	43.2733
10/1/2012	 XLY 	42.7561
11/1/2012	 XLY 	44.1111
12/1/2012	 XLY 	44.0276
1/1/2013	 XLY 	46.8225
2/1/2013	 XLY 	47.5697
3/1/2013	 XLY 	49.5031
4/1/2013	 XLY 	51.1596
5/1/2013	 XLY 	52.5742
6/1/2013	 XLY 	52.8365
7/1/2013	 XLY 	55.797
8/1/2013	 XLY 	54.2087
9/1/2013	 XLY 	56.9812
10/1/2013	 XLY 	59.7688
11/1/2013	 XLY 	61.833
12/1/2013	 XLY 	62.9924
1/1/2014	 XLY 	59.4499
2/1/2014	 XLY 	63.2543
3/1/2014	 XLY 	61.248
4/1/2014	 XLY 	60.6049
5/1/2014	 XLY 	62.3516
6/1/2014	 XLY 	63.3579
7/1/2014	 XLY 	62.7509
8/1/2014	 XLY 	65.5413
9/1/2014	 XLY 	63.5128
10/1/2014	 XLY 	65.0726
11/1/2014	 XLY 	68.6176
12/1/2014	 XLY 	68.9425
1/1/2015	 XLY 	67.1558
2/1/2015	 XLY 	72.8936
3/1/2015	 XLY 	72.2987
4/1/2015	 XLY 	72.503
5/1/2015	 XLY 	73.4561
6/1/2015	 XLY 	73.6294
7/1/2015	 XLY 	77.4755
8/1/2015	 XLY 	72.4147
9/1/2015	 XLY 	71.7001
10/1/2015	 XLY 	78.4945
11/1/2015	 XLY 	78.3103
12/1/2015	 XLY 	75.7704
1/1/2016	 XLY 	72.1414
2/1/2016	 XLY 	72.4627
3/1/2016	 XLY 	76.9989
4/1/2016	 XLY 	77.4135
5/1/2016	 XLY 	77.4526
6/1/2016	 XLY 	76.2993
7/1/2016	 XLY 	80.0621
8/1/2016	 XLY 	79.0223
9/1/2016	 XLY 	78.5123
10/1/2016	 XLY 	76.9013
11/1/2016	 XLY 	80.5938
12/1/2016	 XLY 	80.1507
1/1/2017	 XLY 	84.0226
2/1/2017	 XLY 	85.5479
3/1/2017	 XLY 	87.1129
4/1/2017	 XLY 	89.4696
5/1/2017	 XLY 	90.4532
6/1/2017	 XLY 	89.0425
7/1/2017	 XLY 	91.0379
8/1/2017	 XLY 	89.3439
9/1/2017	 XLY 	89.7624
10/1/2017	 XLY 	91.99
11/1/2017	 XLY 	91.7
12/1/1998	 XLP 	18.0163
1/1/1999	 XLP 	17.7778
2/1/1999	 XLP 	17.5912
3/1/1999	 XLP 	17.5394
4/1/1999	 XLP 	16.9577
5/1/1999	 XLP 	16.7812
6/1/1999	 XLP 	17.0096
7/1/1999	 XLP 	16.4415
8/1/1999	 XLP 	16.723
9/1/1999	 XLP 	15.18
10/1/1999	 XLP 	16.6042
11/1/1999	 XLP 	16.6564
12/1/1999	 XLP 	15.4025
1/1/2000	 XLP 	15.5838
2/1/2000	 XLP 	13.7602
3/1/2000	 XLP 	14.2318
4/1/2000	 XLP 	15.0345
5/1/2000	 XLP 	16.1069
6/1/2000	 XLP 	16.9795
7/1/2000	 XLP 	16.397
8/1/2000	 XLP 	16.1968
9/1/2000	 XLP 	16.8501
10/1/2000	 XLP 	18.0884
11/1/2000	 XLP 	18.7125
12/1/2000	 XLP 	19.3366
1/1/2001	 XLP 	17.9792
2/1/2001	 XLP 	18.0879
3/1/2001	 XLP 	16.7842
4/1/2001	 XLP 	17.1602
5/1/2001	 XLP 	17.4121
6/1/2001	 XLP 	16.5541
7/1/2001	 XLP 	17.1123
8/1/2001	 XLP 	17.1943
9/1/2001	 XLP 	17.1191
10/1/2001	 XLP 	17.0639
11/1/2001	 XLP 	17.8177
12/1/2001	 XLP 	17.4065
1/1/2002	 XLP 	17.3511
2/1/2002	 XLP 	17.7156
3/1/2002	 XLP 	17.9494
4/1/2002	 XLP 	17.3322
5/1/2002	 XLP 	17.1391
6/1/2002	 XLP 	15.3459
7/1/2002	 XLP 	14.7355
8/1/2002	 XLP 	14.8531
9/1/2002	 XLP 	13.6908
10/1/2002	 XLP 	14.3156
11/1/2002	 XLP 	13.9187
12/1/2002	 XLP 	13.8839
1/1/2003	 XLP 	13.482
2/1/2003	 XLP 	13.069
3/1/2003	 XLP 	12.999
4/1/2003	 XLP 	13.4576
5/1/2003	 XLP 	14.1192
6/1/2003	 XLP 	14.1896
7/1/2003	 XLP 	14.2328
8/1/2003	 XLP 	14.4732
9/1/2003	 XLP 	14.3671
10/1/2003	 XLP 	15.0689
11/1/2003	 XLP 	15.2463
12/1/2003	 XLP 	15.4521
1/1/2004	 XLP 	15.5175
2/1/2004	 XLP 	16.401
3/1/2004	 XLP 	16.3012
4/1/2004	 XLP 	16.5748
5/1/2004	 XLP 	16.4819
6/1/2004	 XLP 	16.5105
7/1/2004	 XLP 	15.7541
8/1/2004	 XLP 	16.034
9/1/2004	 XLP 	15.546
10/1/2004	 XLP 	15.7126
11/1/2004	 XLP 	16.1018
12/1/2004	 XLP 	16.6352
1/1/2005	 XLP 	16.8993
2/1/2005	 XLP 	16.8776
3/1/2005	 XLP 	16.6605
4/1/2005	 XLP 	16.5553
5/1/2005	 XLP 	16.9405
6/1/2005	 XLP 	16.5335
7/1/2005	 XLP 	17.1463
8/1/2005	 XLP 	16.8468
9/1/2005	 XLP 	17.0002
10/1/2005	 XLP 	17.0037
11/1/2005	 XLP 	17.1578
12/1/2005	 XLP 	17.0917
1/1/2006	 XLP 	17.2073
2/1/2006	 XLP 	17.3549
3/1/2006	 XLP 	17.4065
4/1/2006	 XLP 	17.6685
5/1/2006	 XLP 	17.7056
6/1/2006	 XLP 	17.9354
7/1/2006	 XLP 	18.3147
8/1/2006	 XLP 	19.0228
9/1/2006	 XLP 	18.9185
10/1/2006	 XLP 	19.3504
11/1/2006	 XLP 	19.1856
12/1/2006	 XLP 	19.5676
1/1/2007	 XLP 	20.066
2/1/2007	 XLP 	19.7572
3/1/2007	 XLP 	20.066
4/1/2007	 XLP 	20.733
5/1/2007	 XLP 	21.013
6/1/2007	 XLP 	20.4682
7/1/2007	 XLP 	20.0081
8/1/2007	 XLP 	20.4801
9/1/2007	 XLP 	21.3023
10/1/2007	 XLP 	21.7502
11/1/2007	 XLP 	22.3473
12/1/2007	 XLP 	22.0488
1/1/2008	 XLP 	20.9307
2/1/2008	 XLP 	20.8768
3/1/2008	 XLP 	21.4386
4/1/2008	 XLP 	21.3907
5/1/2008	 XLP 	22.0406
6/1/2008	 XLP 	20.6945
7/1/2008	 XLP 	21.2894
8/1/2008	 XLP 	21.8644
9/1/2008	 XLP 	21.4448
10/1/2008	 XLP 	18.8685
11/1/2008	 XLP 	18.8294
12/1/2008	 XLP 	18.6729
1/1/2009	 XLP 	17.4754
2/1/2009	 XLP 	16.0631
3/1/2009	 XLP 	16.647
4/1/2009	 XLP 	17.4598
5/1/2009	 XLP 	18.3487
6/1/2009	 XLP 	18.2455
7/1/2009	 XLP 	19.6087
8/1/2009	 XLP 	19.8486
9/1/2009	 XLP 	20.3605
10/1/2009	 XLP 	20.8038
11/1/2009	 XLP 	21.569
12/1/2009	 XLP 	21.3193
1/1/2010	 XLP 	21.3017
2/1/2010	 XLP 	21.9765
3/1/2010	 XLP 	22.7082
4/1/2010	 XLP 	22.5595
5/1/2010	 XLP 	21.5144
6/1/2010	 XLP 	20.8204
7/1/2010	 XLP 	22.1869
8/1/2010	 XLP 	21.7757
9/1/2010	 XLP 	22.927
10/1/2010	 XLP 	23.8276
11/1/2010	 XLP 	23.4549
12/1/2010	 XLP 	24.2748
1/1/2011	 XLP 	24.1276
2/1/2011	 XLP 	24.8293
3/1/2011	 XLP 	24.9964
4/1/2011	 XLP 	26.483
5/1/2011	 XLP 	27.1468
6/1/2011	 XLP 	26.2393
7/1/2011	 XLP 	26.0849
8/1/2011	 XLP 	26.1357
9/1/2011	 XLP 	25.095
10/1/2011	 XLP 	26.4503
11/1/2011	 XLP 	27.1831
12/1/2011	 XLP 	27.6859
1/1/2012	 XLP 	27.5407
2/1/2012	 XLP 	28.5725
3/1/2012	 XLP 	29.3033
4/1/2012	 XLP 	29.5449
5/1/2012	 XLP 	29.1992
6/1/2012	 XLP 	30.0549
7/1/2012	 XLP 	31.0104
8/1/2012	 XLP 	30.8624
9/1/2012	 XLP 	31.1844
10/1/2012	 XLP 	31.0189
11/1/2012	 XLP 	31.5886
12/1/2012	 XLP 	30.5894
1/1/2013	 XLP 	32.6787
2/1/2013	 XLP 	33.76
3/1/2013	 XLP 	35.249
4/1/2013	 XLP 	36.4653
5/1/2013	 XLP 	35.6726
6/1/2013	 XLP 	35.3341
7/1/2013	 XLP 	37.1067
8/1/2013	 XLP 	35.4213
9/1/2013	 XLP 	35.6813
10/1/2013	 XLP 	38.2075
11/1/2013	 XLP 	38.803
12/1/2013	 XLP 	38.7759
1/1/2014	 XLP 	37.0526
2/1/2014	 XLP 	38.498
3/1/2014	 XLP 	39.1434
4/1/2014	 XLP 	40.4207
5/1/2014	 XLP 	41.1516
6/1/2014	 XLP 	40.7679
7/1/2014	 XLP 	39.6859
8/1/2014	 XLP 	41.5166
9/1/2014	 XLP 	41.4982
10/1/2014	 XLP 	43.2422
11/1/2014	 XLP 	45.6399
12/1/2014	 XLP 	44.8901
1/1/2015	 XLP 	44.7747
2/1/2015	 XLP 	46.6302
3/1/2015	 XLP 	45.446
4/1/2015	 XLP 	45.3772
5/1/2015	 XLP 	45.7712
6/1/2015	 XLP 	44.6548
7/1/2015	 XLP 	47.4899
8/1/2015	 XLP 	44.658
9/1/2015	 XLP 	44.5636
10/1/2015	 XLP 	47.3972
11/1/2015	 XLP 	46.9507
12/1/2015	 XLP 	47.9672
1/1/2016	 XLP 	48.579
2/1/2016	 XLP 	48.7321
3/1/2016	 XLP 	50.7801
4/1/2016	 XLP 	50.3101
5/1/2016	 XLP 	50.6564
6/1/2016	 XLP 	53.0517
7/1/2016	 XLP 	52.9353
8/1/2016	 XLP 	52.6257
9/1/2016	 XLP 	51.4934
10/1/2016	 XLP 	51.4132
11/1/2016	 XLP 	49.2515
12/1/2016	 XLP 	50.3519
1/1/2017	 XLP 	51.5907
2/1/2017	 XLP 	54.053
3/1/2017	 XLP 	53.5429
4/1/2017	 XLP 	54.4162
5/1/2017	 XLP 	55.856
6/1/2017	 XLP 	54.1795
7/1/2017	 XLP 	54.9749
8/1/2017	 XLP 	54.3687
9/1/2017	 XLP 	53.6433
10/1/2017	 XLP 	53.09
11/1/2017	 XLP 	53.14
12/1/1998	 XLI 	17.5885
1/1/1999	 XLI 	17.3983
2/1/1999	 XLI 	17.5549
3/1/1999	 XLI 	17.8571
4/1/1999	 XLI 	20.619
5/1/1999	 XLI 	20.2147
6/1/1999	 XLI 	21.4276
7/1/1999	 XLI 	20.6677
8/1/1999	 XLI 	20.8364
9/1/1999	 XLI 	20.6903
10/1/1999	 XLI 	20.2783
11/1/1999	 XLI 	19.8277
12/1/1999	 XLI 	21.3485
1/1/2000	 XLI 	19.6801
2/1/2000	 XLI 	18.5943
3/1/2000	 XLI 	21.1391
4/1/2000	 XLI 	21.4887
5/1/2000	 XLI 	21.398
6/1/2000	 XLI 	20.514
7/1/2000	 XLI 	20.8744
8/1/2000	 XLI 	22.9414
9/1/2000	 XLI 	22.2146
10/1/2000	 XLI 	22.7763
11/1/2000	 XLI 	22.0019
12/1/2000	 XLI 	22.7763
1/1/2001	 XLI 	22.9589
2/1/2001	 XLI 	21.583
3/1/2001	 XLI 	19.4605
4/1/2001	 XLI 	21.7472
5/1/2001	 XLI 	22.6573
6/1/2001	 XLI 	21.2114
7/1/2001	 XLI 	21.2132
8/1/2001	 XLI 	20.485
9/1/2001	 XLI 	17.4105
10/1/2001	 XLI 	17.7938
11/1/2001	 XLI 	19.5739
12/1/2001	 XLI 	20.4603
1/1/2002	 XLI 	19.1677
2/1/2002	 XLI 	19.6478
3/1/2002	 XLI 	20.1205
4/1/2002	 XLI 	18.7867
5/1/2002	 XLI 	18.8681
6/1/2002	 XLI 	17.6681
7/1/2002	 XLI 	16.7084
8/1/2002	 XLI 	16.4485
9/1/2002	 XLI 	14.4955
10/1/2002	 XLI 	15.266
11/1/2002	 XLI 	16.0636
12/1/2002	 XLI 	15.348
1/1/2003	 XLI 	14.6006
2/1/2003	 XLI 	14.3758
3/1/2003	 XLI 	14.4732
4/1/2003	 XLI 	16.101
5/1/2003	 XLI 	16.5374
6/1/2003	 XLI 	16.8459
7/1/2003	 XLI 	17.4408
8/1/2003	 XLI 	18.1194
9/1/2003	 XLI 	17.5614
10/1/2003	 XLI 	18.7134
11/1/2003	 XLI 	19.0842
12/1/2003	 XLI 	20.2496
1/1/2004	 XLI 	20.5544
2/1/2004	 XLI 	20.4023
3/1/2004	 XLI 	20.0829
4/1/2004	 XLI 	20.1451
5/1/2004	 XLI 	20.6411
6/1/2004	 XLI 	21.8696
7/1/2004	 XLI 	21.3034
8/1/2004	 XLI 	21.3187
9/1/2004	 XLI 	21.701
10/1/2004	 XLI 	21.9995
11/1/2004	 XLI 	23.3807
12/1/2004	 XLI 	23.8411
1/1/2005	 XLI 	23.2904
2/1/2005	 XLI 	23.5603
3/1/2005	 XLI 	23.4677
4/1/2005	 XLI 	22.6909
5/1/2005	 XLI 	23.4106
6/1/2005	 XLI 	22.7373
7/1/2005	 XLI 	23.6629
8/1/2005	 XLI 	23.1043
9/1/2005	 XLI 	23.3991
10/1/2005	 XLI 	23.1565
11/1/2005	 XLI 	24.504
12/1/2005	 XLI 	24.4729
1/1/2006	 XLI 	24.6904
2/1/2006	 XLI 	25.4583
3/1/2006	 XLI 	26.4848
4/1/2006	 XLI 	27.1585
5/1/2006	 XLI 	26.6945
6/1/2006	 XLI 	26.5922
7/1/2006	 XLI 	25.1462
8/1/2006	 XLI 	25.4301
9/1/2006	 XLI 	26.2895
10/1/2006	 XLI 	27.1453
11/1/2006	 XLI 	27.8105
12/1/2006	 XLI 	27.7234
1/1/2007	 XLI 	28.5302
2/1/2007	 XLI 	28.2109
3/1/2007	 XLI 	28.3786
4/1/2007	 XLI 	29.76
5/1/2007	 XLI 	31.304
6/1/2007	 XLI 	31.232
7/1/2007	 XLI 	31.6092
8/1/2007	 XLI 	31.6172
9/1/2007	 XLI 	32.9486
10/1/2007	 XLI 	32.688
11/1/2007	 XLI 	31.7609
12/1/2007	 XLI 	31.5674
1/1/2008	 XLI 	29.969
2/1/2008	 XLI 	29.3615
3/1/2008	 XLI 	30.293
4/1/2008	 XLI 	31.3225
5/1/2008	 XLI 	31.5991
6/1/2008	 XLI 	27.6695
7/1/2008	 XLI 	28.0198
8/1/2008	 XLI 	28.7882
9/1/2008	 XLI 	25.1753
10/1/2008	 XLI 	20.6941
11/1/2008	 XLI 	18.9929
12/1/2008	 XLI 	19.2477
1/1/2009	 XLI 	17.1029
2/1/2009	 XLI 	14.1902
3/1/2009	 XLI 	15.2938
4/1/2009	 XLI 	18.2313
5/1/2009	 XLI 	18.843
6/1/2009	 XLI 	18.3989
7/1/2009	 XLI 	20.1412
8/1/2009	 XLI 	21.1027
9/1/2009	 XLI 	22.2161
10/1/2009	 XLI 	21.4435
11/1/2009	 XLI 	23.3259
12/1/2009	 XLI 	23.5633
1/1/2010	 XLI 	23.3665
2/1/2010	 XLI 	24.6125
3/1/2010	 XLI 	26.6607
4/1/2010	 XLI 	27.891
5/1/2010	 XLI 	25.3476
6/1/2010	 XLI 	23.4894
7/1/2010	 XLI 	26.0661
8/1/2010	 XLI 	24.2589
9/1/2010	 XLI 	26.918
10/1/2010	 XLI 	27.8337
11/1/2010	 XLI 	28.2056
12/1/2010	 XLI 	30.1603
1/1/2011	 XLI 	31.5055
2/1/2011	 XLI 	32.1749
3/1/2011	 XLI 	32.7486
4/1/2011	 XLI 	33.7918
5/1/2011	 XLI 	32.8576
6/1/2011	 XLI 	32.517
7/1/2011	 XLI 	30.4318
8/1/2011	 XLI 	28.4311
9/1/2011	 XLI 	25.6407
10/1/2011	 XLI 	29.4903
11/1/2011	 XLI 	29.9051
12/1/2011	 XLI 	29.7815
1/1/2012	 XLI 	32.1753
2/1/2012	 XLI 	33.0725
3/1/2012	 XLI 	33.2413
4/1/2012	 XLI 	33.0303
5/1/2012	 XLI 	30.9419
6/1/2012	 XLI 	31.8344
7/1/2012	 XLI 	32.1106
8/1/2012	 XLI 	32.6038
9/1/2012	 XLI 	32.7562
10/1/2012	 XLI 	32.9321
11/1/2012	 XLI 	33.5097
12/1/2012	 XLI 	34.2047
1/1/2013	 XLI 	36.4374
2/1/2013	 XLI 	37.2466
3/1/2013	 XLI 	37.9193
4/1/2013	 XLI 	37.8465
5/1/2013	 XLI 	39.7456
6/1/2013	 XLI 	38.933
7/1/2013	 XLI 	41.4446
8/1/2013	 XLI 	40.4168
9/1/2013	 XLI 	42.5918
10/1/2013	 XLI 	44.8255
11/1/2013	 XLI 	46.4666
12/1/2013	 XLI 	48.1814
1/1/2014	 XLI 	46.3604
2/1/2014	 XLI 	48.2415
3/1/2014	 XLI 	48.4917
4/1/2014	 XLI 	49.3544
5/1/2014	 XLI 	50.3037
6/1/2014	 XLI 	50.3131
7/1/2014	 XLI 	48.4577
8/1/2014	 XLI 	50.5052
9/1/2014	 XLI 	49.6918
10/1/2014	 XLI 	51.8613
11/1/2014	 XLI 	53.4582
12/1/2014	 XLI 	54.003
1/1/2015	 XLI 	52.8893
2/1/2015	 XLI 	53.2577
3/1/2015	 XLI 	52.6815
4/1/2015	 XLI 	53.4265
5/1/2015	 XLI 	52.9615
6/1/2015	 XLI 	51.3009
7/1/2015	 XLI 	51.7558
8/1/2015	 XLI 	48.9139
9/1/2015	 XLI 	47.4071
10/1/2015	 XLI 	52.0355
11/1/2015	 XLI 	52.4862
12/1/2015	 XLI 	50.8274
1/1/2016	 XLI 	48.2228
2/1/2016	 XLI 	50.2775
3/1/2016	 XLI 	53.509
4/1/2016	 XLI 	54.4526
5/1/2016	 XLI 	54.2199
6/1/2016	 XLI 	54.3072
7/1/2016	 XLI 	56.5857
8/1/2016	 XLI 	57.1219
9/1/2016	 XLI 	56.9172
10/1/2016	 XLI 	56.0813
11/1/2016	 XLI 	61.1787
12/1/2016	 XLI 	60.9925
1/1/2017	 XLI 	62.5101
2/1/2017	 XLI 	64.956
3/1/2017	 XLI 	64.167
4/1/2017	 XLI 	65.7269
5/1/2017	 XLI 	66.896
6/1/2017	 XLI 	67.4806
7/1/2017	 XLI 	67.999
8/1/2017	 XLI 	68.1484
9/1/2017	 XLI 	70.6768
10/1/2017	 XLI 	71.53
11/1/2017	 XLI 	71.83
12/1/1998	 XLE 	16.5302
1/1/1999	 XLE 	15.4459
2/1/1999	 XLE 	15.3131
3/1/1999	 XLE 	17.4153
4/1/1999	 XLE 	20.0652
5/1/1999	 XLE 	19.6322
6/1/1999	 XLE 	19.932
7/1/1999	 XLE 	20.4124
8/1/1999	 XLE 	20.6356
9/1/1999	 XLE 	19.5977
10/1/1999	 XLE 	19.3951
11/1/1999	 XLE 	19.3614
12/1/1999	 XLE 	19.4399
1/1/2000	 XLE 	19.6547
2/1/2000	 XLE 	18.8226
3/1/2000	 XLE 	21.0939
4/1/2000	 XLE 	20.8487
5/1/2000	 XLE 	23.2968
6/1/2000	 XLE 	21.9092
7/1/2000	 XLE 	21.1762
8/1/2000	 XLE 	23.4888
9/1/2000	 XLE 	23.7722
10/1/2000	 XLE 	23.2261
11/1/2000	 XLE 	22.0078
12/1/2000	 XLE 	24.1824
1/1/2001	 XLE 	23.4819
2/1/2001	 XLE 	23.1968
3/1/2001	 XLE 	22.4368
4/1/2001	 XLE 	24.8286
5/1/2001	 XLE 	24.594
6/1/2001	 XLE 	22.2482
7/1/2001	 XLE 	22.095
8/1/2001	 XLE 	21.1596
9/1/2001	 XLE 	19.0164
10/1/2001	 XLE 	19.8936
11/1/2001	 XLE 	18.7827
12/1/2001	 XLE 	19.7751
1/1/2002	 XLE 	19.1501
2/1/2002	 XLE 	19.8045
3/1/2002	 XLE 	21.4853
4/1/2002	 XLE 	20.7817
5/1/2002	 XLE 	20.416
6/1/2002	 XLE 	19.5504
7/1/2002	 XLE 	16.9432
8/1/2002	 XLE 	17.1985
9/1/2002	 XLE 	15.8848
10/1/2002	 XLE 	16.2656
11/1/2002	 XLE 	16.9374
12/1/2002	 XLE 	16.8544
1/1/2003	 XLE 	16.5157
2/1/2003	 XLE 	17.0013
3/1/2003	 XLE 	16.933
4/1/2003	 XLE 	16.8771
5/1/2003	 XLE 	18.6693
6/1/2003	 XLE 	18.3414
7/1/2003	 XLE 	17.7782
8/1/2003	 XLE 	18.9123
9/1/2003	 XLE 	18.4296
10/1/2003	 XLE 	18.6995
11/1/2003	 XLE 	18.8458
12/1/2003	 XLE 	21.2179
1/1/2004	 XLE 	21.7929
2/1/2004	 XLE 	22.9378
3/1/2004	 XLE 	22.698
4/1/2004	 XLE 	23.1829
5/1/2004	 XLE 	23.113
6/1/2004	 XLE 	24.457
7/1/2004	 XLE 	25.311
8/1/2004	 XLE 	24.921
9/1/2004	 XLE 	27.2454
10/1/2004	 XLE 	27.5185
11/1/2004	 XLE 	29.3745
12/1/2004	 XLE 	28.4426
1/1/2005	 XLE 	29.5126
2/1/2005	 XLE 	34.4642
3/1/2005	 XLE 	33.6939
4/1/2005	 XLE 	31.9766
5/1/2005	 XLE 	32.8677
6/1/2005	 XLE 	35.052
7/1/2005	 XLE 	37.6534
8/1/2005	 XLE 	40.0581
9/1/2005	 XLE 	42.455
10/1/2005	 XLE 	38.7288
11/1/2005	 XLE 	39.3079
12/1/2005	 XLE 	39.9109
1/1/2006	 XLE 	45.8613
2/1/2006	 XLE 	41.6299
3/1/2006	 XLE 	43.2684
4/1/2006	 XLE 	45.5824
5/1/2006	 XLE 	44.314
6/1/2006	 XLE 	45.2713
7/1/2006	 XLE 	46.9601
8/1/2006	 XLE 	44.574
9/1/2006	 XLE 	42.7965
10/1/2006	 XLE 	44.7749
11/1/2006	 XLE 	48.6153
12/1/2006	 XLE 	47.1049
1/1/2007	 XLE 	46.8105
2/1/2007	 XLE 	45.8516
3/1/2007	 XLE 	48.5753
4/1/2007	 XLE 	51.2328
5/1/2007	 XLE 	55.2185
6/1/2007	 XLE 	55.7764
7/1/2007	 XLE 	55.9465
8/1/2007	 XLE 	56.6195
9/1/2007	 XLE 	60.6492
10/1/2007	 XLE 	62.3534
11/1/2007	 XLE 	59.7276
12/1/2007	 XLE 	64.5077
1/1/2008	 XLE 	56.7271
2/1/2008	 XLE 	61.9842
3/1/2008	 XLE 	60.3622
4/1/2008	 XLE 	66.8218
5/1/2008	 XLE 	70.2957
6/1/2008	 XLE 	72.3228
7/1/2008	 XLE 	60.9745
8/1/2008	 XLE 	61.1794
9/1/2008	 XLE 	51.8775
10/1/2008	 XLE 	42.2607
11/1/2008	 XLE 	41.3399
12/1/2008	 XLE 	39.2762
1/1/2009	 XLE 	38.7774
2/1/2009	 XLE 	33.9922
3/1/2009	 XLE 	35.0914
4/1/2009	 XLE 	38.0297
5/1/2009	 XLE 	42.9309
6/1/2009	 XLE 	39.9154
7/1/2009	 XLE 	42.2652
8/1/2009	 XLE 	42.7244
9/1/2009	 XLE 	45.0205
10/1/2009	 XLE 	46.336
11/1/2009	 XLE 	47.6527
12/1/2009	 XLE 	47.812
1/1/2010	 XLE 	45.9557
2/1/2010	 XLE 	47.3386
3/1/2010	 XLE 	48.5023
4/1/2010	 XLE 	50.6945
5/1/2010	 XLE 	44.8897
6/1/2010	 XLE 	42.0381
7/1/2010	 XLE 	45.7659
8/1/2010	 XLE 	43.5218
9/1/2010	 XLE 	47.653
10/1/2010	 XLE 	50.5876
11/1/2010	 XLE 	53.5508
12/1/2010	 XLE 	58.2816
1/1/2011	 XLE 	62.7438
2/1/2011	 XLE 	67.3671
3/1/2011	 XLE 	68.4049
4/1/2011	 XLE 	69.2635
5/1/2011	 XLE 	66.3631
6/1/2011	 XLE 	64.8485
7/1/2011	 XLE 	66.0378
8/1/2011	 XLE 	59.2914
9/1/2011	 XLE 	50.5411
10/1/2011	 XLE 	60.4522
11/1/2011	 XLE 	61.4581
12/1/2011	 XLE 	59.9492
1/1/2012	 XLE 	61.5615
2/1/2012	 XLE 	65.2104
3/1/2012	 XLE 	62.4846
4/1/2012	 XLE 	62.2801
5/1/2012	 XLE 	55.6272
6/1/2012	 XLE 	58.0226
7/1/2012	 XLE 	61.1842
8/1/2012	 XLE 	62.8357
9/1/2012	 XLE 	64.5047
10/1/2012	 XLE 	63.4788
11/1/2012	 XLE 	62.7023
12/1/2012	 XLE 	63.0199
1/1/2013	 XLE 	68.6003
2/1/2013	 XLE 	68.9018
3/1/2013	 XLE 	70.3385
4/1/2013	 XLE 	69.7273
5/1/2013	 XLE 	71.7139
6/1/2013	 XLE 	69.754
7/1/2013	 XLE 	73.7762
8/1/2013	 XLE 	73.0154
9/1/2013	 XLE 	74.2148
10/1/2013	 XLE 	77.6886
11/1/2013	 XLE 	77.7335
12/1/2013	 XLE 	79.595
1/1/2014	 XLE 	75.331
2/1/2014	 XLE 	79.1888
3/1/2014	 XLE 	80.4627
4/1/2014	 XLE 	85.1075
5/1/2014	 XLE 	86.5329
6/1/2014	 XLE 	90.8818
7/1/2014	 XLE 	88.1387
8/1/2014	 XLE 	90.0633
9/1/2014	 XLE 	82.6568
10/1/2014	 XLE 	80.1483
11/1/2014	 XLE 	73.1805
12/1/2014	 XLE 	72.5754
1/1/2015	 XLE 	69.696
2/1/2015	 XLE 	72.8971
3/1/2015	 XLE 	71.5686
4/1/2015	 XLE 	76.7917
5/1/2015	 XLE 	72.8072
6/1/2015	 XLE 	69.8073
7/1/2015	 XLE 	64.867
8/1/2015	 XLE 	62.1556
9/1/2015	 XLE 	57.2284
10/1/2015	 XLE 	64.074
11/1/2015	 XLE 	64.0646
12/1/2015	 XLE 	56.8123
1/1/2016	 XLE 	55.3216
2/1/2016	 XLE 	53.7725
3/1/2016	 XLE 	58.819
4/1/2016	 XLE 	64.6087
5/1/2016	 XLE 	64.0056
6/1/2016	 XLE 	65.317
7/1/2016	 XLE 	64.9185
8/1/2016	 XLE 	66.0072
9/1/2016	 XLE 	68.0305
10/1/2016	 XLE 	66.5123
11/1/2016	 XLE 	72.1438
12/1/2016	 XLE 	73.0065
1/1/2017	 XLE 	71.0344
2/1/2017	 XLE 	69.5533
3/1/2017	 XLE 	68.1112
4/1/2017	 XLE 	66.5004
5/1/2017	 XLE 	64.1478
6/1/2017	 XLE 	63.6381
7/1/2017	 XLE 	65.7541
8/1/2017	 XLE 	62.1515
9/1/2017	 XLE 	67.5899
10/1/2017	 XLE 	67.91
11/1/2017	 XLE 	68.68
12/1/1998	 XLF 	9.9997
1/1/1999	 XLF 	10.173
2/1/1999	 XLF 	10.333
3/1/1999	 XLF 	10.6397
4/1/1999	 XLF 	11.4165
5/1/1999	 XLF 	10.7281
6/1/1999	 XLF 	11.1625
7/1/1999	 XLF 	10.5098
8/1/1999	 XLF 	10.0474
9/1/1999	 XLF 	9.491
10/1/1999	 XLF 	11.0023
11/1/1999	 XLF 	10.5181
12/1/1999	 XLF 	10.2289
1/1/2000	 XLF 	9.9627
2/1/2000	 XLF 	8.8963
3/1/2000	 XLF 	10.4825
4/1/2000	 XLF 	10.6225
5/1/2000	 XLF 	10.8597
6/1/2000	 XLF 	10.2974
7/1/2000	 XLF 	11.2439
8/1/2000	 XLF 	12.3859
9/1/2000	 XLF 	12.6171
10/1/2000	 XLF 	12.5461
11/1/2000	 XLF 	11.9052
12/1/2000	 XLF 	12.8734
1/1/2001	 XLF 	12.8903
2/1/2001	 XLF 	12.0231
3/1/2001	 XLF 	11.6245
4/1/2001	 XLF 	12.0849
5/1/2001	 XLF 	12.6166
6/1/2001	 XLF 	12.4804
7/1/2001	 XLF 	12.4072
8/1/2001	 XLF 	11.5868
9/1/2001	 XLF 	10.8855
10/1/2001	 XLF 	10.7789
11/1/2001	 XLF 	11.4789
12/1/2001	 XLF 	11.6517
1/1/2002	 XLF 	11.569
2/1/2002	 XLF 	11.3688
3/1/2002	 XLF 	12.0807
4/1/2002	 XLF 	11.8129
5/1/2002	 XLF 	11.7771
6/1/2002	 XLF 	11.2236
7/1/2002	 XLF 	10.3362
8/1/2002	 XLF 	10.529
9/1/2002	 XLF 	9.2689
10/1/2002	 XLF 	10.1709
11/1/2002	 XLF 	10.5497
12/1/2002	 XLF 	9.9185
1/1/2003	 XLF 	9.851
2/1/2003	 XLF 	9.5471
3/1/2003	 XLF 	9.4156
4/1/2003	 XLF 	10.647
5/1/2003	 XLF 	11.1891
6/1/2003	 XLF 	11.1846
7/1/2003	 XLF 	11.7263
8/1/2003	 XLF 	11.589
9/1/2003	 XLF 	11.6302
10/1/2003	 XLF 	12.5015
11/1/2003	 XLF 	12.4555
12/1/2003	 XLF 	12.9433
1/1/2004	 XLF 	13.4463
2/1/2004	 XLF 	13.8305
3/1/2004	 XLF 	13.6083
4/1/2004	 XLF 	13.0747
5/1/2004	 XLF 	13.2979
6/1/2004	 XLF 	13.2886
7/1/2004	 XLF 	13.0716
8/1/2004	 XLF 	13.4969
9/1/2004	 XLF 	13.3006
10/1/2004	 XLF 	13.4432
11/1/2004	 XLF 	13.8613
12/1/2004	 XLF 	14.3453
1/1/2005	 XLF 	14.1224
2/1/2005	 XLF 	14.0278
3/1/2005	 XLF 	13.4227
4/1/2005	 XLF 	13.5179
5/1/2005	 XLF 	13.9171
6/1/2005	 XLF 	14.0074
7/1/2005	 XLF 	14.3106
8/1/2005	 XLF 	14.0763
9/1/2005	 XLF 	14.1145
10/1/2005	 XLF 	14.6296
11/1/2005	 XLF 	15.3269
12/1/2005	 XLF 	15.2307
1/1/2006	 XLF 	15.4655
2/1/2006	 XLF 	15.7947
3/1/2006	 XLF 	15.756
4/1/2006	 XLF 	16.5267
5/1/2006	 XLF 	15.9037
6/1/2006	 XLF 	15.7383
7/1/2006	 XLF 	16.1924
8/1/2006	 XLF 	16.3833
9/1/2006	 XLF 	16.9462
10/1/2006	 XLF 	17.4415
11/1/2006	 XLF 	17.5646
12/1/2006	 XLF 	18.0864
1/1/2007	 XLF 	18.3943
2/1/2007	 XLF 	17.8337
3/1/2007	 XLF 	17.675
4/1/2007	 XLF 	18.4369
5/1/2007	 XLF 	18.8802
6/1/2007	 XLF 	18.0234
7/1/2007	 XLF 	16.479
8/1/2007	 XLF 	16.9048
9/1/2007	 XLF 	17.1903
10/1/2007	 XLF 	17.0198
11/1/2007	 XLF 	15.6423
12/1/2007	 XLF 	14.5978
1/1/2008	 XLF 	14.8372
2/1/2008	 XLF 	13.1518
3/1/2008	 XLF 	12.663
4/1/2008	 XLF 	13.6582
5/1/2008	 XLF 	12.7087
6/1/2008	 XLF 	10.3989
7/1/2008	 XLF 	11.2005
8/1/2008	 XLF 	11.0918
9/1/2008	 XLF 	10.2995
10/1/2008	 XLF 	8.1189
11/1/2008	 XLF 	6.6185
12/1/2008	 XLF 	6.5453
1/1/2009	 XLF 	4.9027
2/1/2009	 XLF 	4.0325
3/1/2009	 XLF 	4.6745
4/1/2009	 XLF 	5.7504
5/1/2009	 XLF 	6.5542
6/1/2009	 XLF 	6.4042
7/1/2009	 XLF 	7.0082
8/1/2009	 XLF 	7.9186
9/1/2009	 XLF 	8.0478
10/1/2009	 XLF 	7.5919
11/1/2009	 XLF 	7.9215
12/1/2009	 XLF 	7.781
1/1/2010	 XLF 	7.6906
2/1/2010	 XLF 	7.9617
3/1/2010	 XLF 	8.6505
4/1/2010	 XLF 	8.7844
5/1/2010	 XLF 	7.9799
6/1/2010	 XLF 	7.507
7/1/2010	 XLF 	8.013
8/1/2010	 XLF 	7.3866
9/1/2010	 XLF 	7.8169
10/1/2010	 XLF 	7.9491
11/1/2010	 XLF 	7.8945
12/1/2010	 XLF 	8.708
1/1/2011	 XLF 	8.9861
2/1/2011	 XLF 	9.2327
3/1/2011	 XLF 	8.9807
4/1/2011	 XLF 	8.9987
5/1/2011	 XLF 	8.702
6/1/2011	 XLF 	8.4328
7/1/2011	 XLF 	8.1599
8/1/2011	 XLF 	7.377
9/1/2011	 XLF 	6.5113
10/1/2011	 XLF 	7.472
11/1/2011	 XLF 	7.0901
12/1/2011	 XLF 	7.1953
1/1/2012	 XLF 	7.8318
2/1/2012	 XLF 	8.2218
3/1/2012	 XLF 	8.8011
4/1/2012	 XLF 	8.6224
5/1/2012	 XLF 	7.8289
6/1/2012	 XLF 	8.1809
7/1/2012	 XLF 	8.2315
8/1/2012	 XLF 	8.5123
9/1/2012	 XLF 	8.7537
10/1/2012	 XLF 	8.9649
11/1/2012	 XLF 	8.8859
12/1/2012	 XLF 	9.2411
1/1/2013	 XLF 	9.8607
2/1/2013	 XLF 	9.9799
3/1/2013	 XLF 	10.3316
4/1/2013	 XLF 	10.6454
5/1/2013	 XLF 	11.2944
6/1/2013	 XLF 	11.0724
7/1/2013	 XLF 	11.7114
8/1/2013	 XLF 	11.1113
9/1/2013	 XLF 	11.3799
10/1/2013	 XLF 	11.8035
11/1/2013	 XLF 	12.3257
12/1/2013	 XLF 	12.5438
1/1/2014	 XLF 	12.1547
2/1/2014	 XLF 	12.5241
3/1/2014	 XLF 	12.8935
4/1/2014	 XLF 	12.732
5/1/2014	 XLF 	12.9234
6/1/2014	 XLF 	13.1843
7/1/2014	 XLF 	13.0563
8/1/2014	 XLF 	13.6098
9/1/2014	 XLF 	13.4991
10/1/2014	 XLF 	13.9602
11/1/2014	 XLF 	17.5742
12/1/2014	 XLF 	17.9851
1/1/2015	 XLF 	16.9667
2/1/2015	 XLF 	14.3486
3/1/2015	 XLF 	14.2072
4/1/2015	 XLF 	17.5694
5/1/2015	 XLF 	14.5626
6/1/2015	 XLF 	18.1233
7/1/2015	 XLF 	18.47
8/1/2015	 XLF 	16.36
9/1/2015	 XLF 	16.5944
10/1/2015	 XLF 	17.7484
11/1/2015	 XLF 	14.7053
12/1/2015	 XLF 	14.2682
1/1/2016	 XLF 	13.1053
2/1/2016	 XLF 	12.7252
3/1/2016	 XLF 	13.5759
4/1/2016	 XLF 	14.1416
5/1/2016	 XLF 	14.4085
6/1/2016	 XLF 	13.8686
7/1/2016	 XLF 	14.4424
8/1/2016	 XLF 	14.9981
9/1/2016	 XLF 	14.5086
10/1/2016	 XLF 	19.4254
11/1/2016	 XLF 	22.1512
12/1/2016	 XLF 	22.8794
1/1/2017	 XLF 	23.0426
2/1/2017	 XLF 	24.2585
3/1/2017	 XLF 	23.4578
4/1/2017	 XLF 	23.343
5/1/2017	 XLF 	23.0652
6/1/2017	 XLF 	24.4739
7/1/2017	 XLF 	24.9858
8/1/2017	 XLF 	24.5974
9/1/2017	 XLF 	25.7526
10/1/2017	 XLF 	26.6
11/1/2017	 XLF 	26.78
12/1/1998	 XLV 	20.1305
1/1/1999	 XLV 	21.0983
2/1/1999	 XLV 	21.1225
3/1/1999	 XLV 	21.679
4/1/1999	 XLV 	22.4533
5/1/1999	 XLV 	21.7637
6/1/1999	 XLV 	22.7194
7/1/1999	 XLV 	22.0419
8/1/1999	 XLV 	21.05
9/1/1999	 XLV 	20.7596
10/1/1999	 XLV 	21.812
11/1/1999	 XLV 	22.0662
12/1/1999	 XLV 	23.9171
1/1/2000	 XLV 	23.4486
2/1/2000	 XLV 	21.9154
3/1/2000	 XLV 	23.8867
4/1/2000	 XLV 	23.6068
5/1/2000	 XLV 	22.9741
6/1/2000	 XLV 	23.0227
7/1/2000	 XLV 	22.682
8/1/2000	 XLV 	23.4851
9/1/2000	 XLV 	22.6334
10/1/2000	 XLV 	22.9741
11/1/2000	 XLV 	20.8811
12/1/2000	 XLV 	21.2218
1/1/2001	 XLV 	22.7601
2/1/2001	 XLV 	22.3239
3/1/2001	 XLV 	20.8907
4/1/2001	 XLV 	22.4371
5/1/2001	 XLV 	23.294
6/1/2001	 XLV 	23.0214
7/1/2001	 XLV 	22.5711
8/1/2001	 XLV 	21.4254
9/1/2001	 XLV 	18.3156
10/1/2001	 XLV 	18.4167
11/1/2001	 XLV 	20.5531
12/1/2001	 XLV 	21.0131
1/1/2002	 XLV 	20.8941
2/1/2002	 XLV 	21.8549
3/1/2002	 XLV 	23.1124
4/1/2002	 XLV 	22.9821
5/1/2002	 XLV 	23.3025
6/1/2002	 XLV 	21.6302
7/1/2002	 XLV 	21.0103
8/1/2002	 XLV 	21.2136
9/1/2002	 XLV 	19.8379
10/1/2002	 XLV 	21.06
11/1/2002	 XLV 	21.7107
12/1/2002	 XLV 	20.8169
1/1/2003	 XLV 	20.824
2/1/2003	 XLV 	20.3597
3/1/2003	 XLV 	21.0286
4/1/2003	 XLV 	21.7798
5/1/2003	 XLV 	22.2296
6/1/2003	 XLV 	23.145
7/1/2003	 XLV 	22.8632
8/1/2003	 XLV 	22.0164
9/1/2003	 XLV 	22.0085
10/1/2003	 XLV 	22.2245
11/1/2003	 XLV 	22.7008
12/1/2003	 XLV 	23.9311
1/1/2004	 XLV 	24.6755
2/1/2004	 XLV 	24.9384
3/1/2004	 XLV 	23.8392
4/1/2004	 XLV 	24.6413
5/1/2004	 XLV 	24.5614
6/1/2004	 XLV 	24.4017
7/1/2004	 XLV 	23.1565
8/1/2004	 XLV 	23.5329
9/1/2004	 XLV 	23.0524
10/1/2004	 XLV 	22.6074
11/1/2004	 XLV 	23.0491
12/1/2004	 XLV 	24.2457
1/1/2005	 XLV 	23.5629
2/1/2005	 XLV 	24.2718
3/1/2005	 XLV 	24.0543
4/1/2005	 XLV 	24.977
5/1/2005	 XLV 	25.2922
6/1/2005	 XLV 	25.0821
7/1/2005	 XLV 	25.7261
8/1/2005	 XLV 	25.6369
9/1/2005	 XLV 	25.418
10/1/2005	 XLV 	24.7141
11/1/2005	 XLV 	25.015
12/1/2005	 XLV 	25.7957
1/1/2006	 XLV 	26.2151
2/1/2006	 XLV 	26.5169
3/1/2006	 XLV 	26.0927
4/1/2006	 XLV 	25.3678
5/1/2006	 XLV 	24.8357
6/1/2006	 XLV 	24.7539
7/1/2006	 XLV 	26.2
8/1/2006	 XLV 	26.9476
9/1/2006	 XLV 	27.268
10/1/2006	 XLV 	27.4518
11/1/2006	 XLV 	27.4189
12/1/2006	 XLV 	27.6085
1/1/2007	 XLV 	28.5493
2/1/2007	 XLV 	27.8875
3/1/2007	 XLV 	27.8378
4/1/2007	 XLV 	29.9846
5/1/2007	 XLV 	30.4995
6/1/2007	 XLV 	29.3203
7/1/2007	 XLV 	28.0759
8/1/2007	 XLV 	28.7187
9/1/2007	 XLV 	29.5118
10/1/2007	 XLV 	30.1676
11/1/2007	 XLV 	30.553
12/1/2007	 XLV 	29.5812
1/1/2008	 XLV 	28.3353
2/1/2008	 XLV 	27.5786
3/1/2008	 XLV 	26.2081
4/1/2008	 XLV 	26.5872
5/1/2008	 XLV 	27.094
6/1/2008	 XLV 	25.8271
7/1/2008	 XLV 	27.1101
8/1/2008	 XLV 	27.6701
9/1/2008	 XLV 	25.4979
10/1/2008	 XLV 	22.6733
11/1/2008	 XLV 	21.2413
12/1/2008	 XLV 	22.6306
1/1/2009	 XLV 	22.4941
2/1/2009	 XLV 	19.707
3/1/2009	 XLV 	20.7618
4/1/2009	 XLV 	20.8647
5/1/2009	 XLV 	22.2884
6/1/2009	 XLV 	22.7026
7/1/2009	 XLV 	24.1696
8/1/2009	 XLV 	24.82
9/1/2009	 XLV 	24.8633
10/1/2009	 XLV 	24.4501
11/1/2009	 XLV 	26.7235
12/1/2009	 XLV 	27.0632
1/1/2010	 XLV 	27.3966
2/1/2010	 XLV 	27.5017
3/1/2010	 XLV 	28.141
4/1/2010	 XLV 	27.1368
5/1/2010	 XLV 	25.3704
6/1/2010	 XLV 	24.7816
7/1/2010	 XLV 	25.2344
8/1/2010	 XLV 	24.8193
9/1/2010	 XLV 	26.9302
10/1/2010	 XLV 	27.6724
11/1/2010	 XLV 	26.8734
12/1/2010	 XLV 	27.9654
1/1/2011	 XLV 	28.2711
2/1/2011	 XLV 	29.1546
3/1/2011	 XLV 	29.5472
4/1/2011	 XLV 	31.5913
5/1/2011	 XLV 	32.3712
6/1/2011	 XLV 	31.8513
7/1/2011	 XLV 	30.7372
8/1/2011	 XLV 	30.0885
9/1/2011	 XLV 	28.5841
10/1/2011	 XLV 	30.3956
11/1/2011	 XLV 	30.6854
12/1/2011	 XLV 	31.4191
1/1/2012	 XLV 	32.6062
2/1/2012	 XLV 	32.9523
3/1/2012	 XLV 	34.2548
4/1/2012	 XLV 	34.3361
5/1/2012	 XLV 	33.0912
6/1/2012	 XLV 	34.7938
7/1/2012	 XLV 	35.3311
8/1/2012	 XLV 	35.7452
9/1/2012	 XLV 	36.9232
10/1/2012	 XLV 	37.0235
11/1/2012	 XLV 	37.2177
12/1/2012	 XLV 	36.8847
1/1/2013	 XLV 	39.9015
2/1/2013	 XLV 	40.4037
3/1/2013	 XLV 	42.7284
4/1/2013	 XLV 	44.2021
5/1/2013	 XLV 	44.9305
6/1/2013	 XLV 	44.4636
7/1/2013	 XLV 	47.8639
8/1/2013	 XLV 	46.1753
9/1/2013	 XLV 	47.4605
10/1/2013	 XLV 	49.7099
11/1/2013	 XLV 	52.0555
12/1/2013	 XLV 	52.2251
1/1/2014	 XLV 	52.932
2/1/2014	 XLV 	56.2237
3/1/2014	 XLV 	55.3251
4/1/2014	 XLV 	55.1653
5/1/2014	 XLV 	56.7504
6/1/2014	 XLV 	57.7375
7/1/2014	 XLV 	58.0306
8/1/2014	 XLV 	60.8412
9/1/2014	 XLV 	60.8888
10/1/2014	 XLV 	64.3184
11/1/2014	 XLV 	66.5557
12/1/2014	 XLV 	66.3263
1/1/2015	 XLV 	68.0784
2/1/2015	 XLV 	69.326
3/1/2015	 XLV 	71.6772
4/1/2015	 XLV 	71.435
5/1/2015	 XLV 	71.4639
6/1/2015	 XLV 	71.589
7/1/2015	 XLV 	74.4042
8/1/2015	 XLV 	68.0695
9/1/2015	 XLV 	63.9558
10/1/2015	 XLV 	69.1981
11/1/2015	 XLV 	68.9171
12/1/2015	 XLV 	69.8087
1/1/2016	 XLV 	64.6931
2/1/2016	 XLV 	64.4595
3/1/2016	 XLV 	65.968
4/1/2016	 XLV 	68.168
5/1/2016	 XLV 	69.6917
6/1/2016	 XLV 	70.0434
7/1/2016	 XLV 	73.7479
8/1/2016	 XLV 	71.3551
9/1/2016	 XLV 	70.7176
10/1/2016	 XLV 	66.3151
11/1/2016	 XLV 	67.6835
12/1/2016	 XLV 	67.8706
1/1/2017	 XLV 	69.7306
2/1/2017	 XLV 	74.1506
3/1/2017	 XLV 	73.5277
4/1/2017	 XLV 	74.9256
5/1/2017	 XLV 	75.5012
6/1/2017	 XLV 	78.6371
7/1/2017	 XLV 	79.597
8/1/2017	 XLV 	80.9919
9/1/2017	 XLV 	81.4302
10/1/2017	 XLV 	81.11
11/1/2017	 XLV 	81.61
12/1/1998	 XLB 	14.2823
1/1/1999	 XLB 	13.753
2/1/1999	 XLB 	13.9667
3/1/1999	 XLB 	14.1703
4/1/1999	 XLB 	17.7316
5/1/1999	 XLB 	16.1178
6/1/1999	 XLB 	16.9962
7/1/1999	 XLB 	16.8545
8/1/1999	 XLB 	16.0964
9/1/1999	 XLB 	15.5431
10/1/1999	 XLB 	15.9615
11/1/1999	 XLB 	15.7354
12/1/1999	 XLB 	17.4827
1/1/2000	 XLB 	15.4094
2/1/2000	 XLB 	13.8612
3/1/2000	 XLB 	15.2236
4/1/2000	 XLB 	14.7528
5/1/2000	 XLB 	14.2873
6/1/2000	 XLB 	13.0044
7/1/2000	 XLB 	13.1799
8/1/2000	 XLB 	13.4813
9/1/2000	 XLB 	12.0885
10/1/2000	 XLB 	13.2261
11/1/2000	 XLB 	12.8916
12/1/2000	 XLB 	14.3344
1/1/2001	 XLB 	14.3152
2/1/2001	 XLB 	14.5006
3/1/2001	 XLB 	13.711
4/1/2001	 XLB 	15.2436
5/1/2001	 XLB 	15.8299
6/1/2001	 XLB 	15.216
7/1/2001	 XLB 	15.242
8/1/2001	 XLB 	15.1796
9/1/2001	 XLB 	13.3021
10/1/2001	 XLB 	13.7441
11/1/2001	 XLB 	15.4865
12/1/2001	 XLB 	14.9289
1/1/2002	 XLB 	15.3733
2/1/2002	 XLB 	16.1869
3/1/2002	 XLB 	16.6288
4/1/2002	 XLB 	15.8965
5/1/2002	 XLB 	16.6847
6/1/2002	 XLB 	16.3187
7/1/2002	 XLB 	14.5405
8/1/2002	 XLB 	14.4627
9/1/2002	 XLB 	12.5108
10/1/2002	 XLB 	13.3041
11/1/2002	 XLB 	14.9049
12/1/2002	 XLB 	14.1152
1/1/2003	 XLB 	13.5125
2/1/2003	 XLB 	13.1541
3/1/2003	 XLB 	13.1756
4/1/2003	 XLB 	14.4307
5/1/2003	 XLB 	14.8772
6/1/2003	 XLB 	14.9276
7/1/2003	 XLB 	16.1917
8/1/2003	 XLB 	16.6407
9/1/2003	 XLB 	15.8079
10/1/2003	 XLB 	17.4053
11/1/2003	 XLB 	17.7984
12/1/2003	 XLB 	19.429
1/1/2004	 XLB 	18.6791
2/1/2004	 XLB 	19.653
3/1/2004	 XLB 	19.1331
4/1/2004	 XLB 	18.3107
5/1/2004	 XLB 	18.8251
6/1/2004	 XLB 	19.6774
7/1/2004	 XLB 	19.3193
8/1/2004	 XLB 	19.6441
9/1/2004	 XLB 	20.3381
10/1/2004	 XLB 	20.2408
11/1/2004	 XLB 	21.8873
12/1/2004	 XLB 	22.0505
1/1/2005	 XLB 	21.5011
2/1/2005	 XLB 	23.1946
3/1/2005	 XLB 	22.5008
4/1/2005	 XLB 	20.9686
5/1/2005	 XLB 	20.8339
6/1/2005	 XLB 	20.3173
7/1/2005	 XLB 	21.5453
8/1/2005	 XLB 	20.6425
9/1/2005	 XLB 	20.6877
10/1/2005	 XLB 	20.8468
11/1/2005	 XLB 	22.4429
12/1/2005	 XLB 	22.9043
1/1/2006	 XLB 	24.1981
2/1/2006	 XLB 	23.6796
3/1/2006	 XLB 	24.6631
4/1/2006	 XLB 	25.6651
5/1/2006	 XLB 	24.6308
6/1/2006	 XLB 	24.5925
7/1/2006	 XLB 	23.8324
8/1/2006	 XLB 	24.5497
9/1/2006	 XLB 	24.4031
10/1/2006	 XLB 	26.0203
11/1/2006	 XLB 	27.153
12/1/2006	 XLB 	27.0288
1/1/2007	 XLB 	28.4303
2/1/2007	 XLB 	29.1911
3/1/2007	 XLB 	29.842
4/1/2007	 XLB 	30.3279
5/1/2007	 XLB 	32.1184
6/1/2007	 XLB 	31.8043
7/1/2007	 XLB 	31.0957
8/1/2007	 XLB 	30.8827
9/1/2007	 XLB 	33.2176
10/1/2007	 XLB 	34.7567
11/1/2007	 XLB 	33.0053
12/1/2007	 XLB 	33.045
1/1/2008	 XLB 	31.9593
2/1/2008	 XLB 	32.6953
3/1/2008	 XLB 	32.1352
4/1/2008	 XLB 	33.9529
5/1/2008	 XLB 	35.7184
6/1/2008	 XLB 	33.4875
7/1/2008	 XLB 	32.5526
8/1/2008	 XLB 	32.0447
9/1/2008	 XLB 	26.9256
10/1/2008	 XLB 	21.0192
11/1/2008	 XLB 	18.773
12/1/2008	 XLB 	18.4405
1/1/2009	 XLB 	17.2859
2/1/2009	 XLB 	15.8988
3/1/2009	 XLB 	18.2299
4/1/2009	 XLB 	21.198
5/1/2009	 XLB 	22.4367
6/1/2009	 XLB 	21.3054
7/1/2009	 XLB 	24.1749
8/1/2009	 XLB 	24.7477
9/1/2009	 XLB 	25.6858
10/1/2009	 XLB 	24.4587
11/1/2009	 XLB 	27.0929
12/1/2009	 XLB 	27.5014
1/1/2010	 XLB 	25.2645
2/1/2010	 XLB 	26.4045
3/1/2010	 XLB 	28.433
4/1/2010	 XLB 	28.5535
5/1/2010	 XLB 	25.8318
6/1/2010	 XLB 	23.8324
7/1/2010	 XLB 	27.0091
8/1/2010	 XLB 	26.1906
9/1/2010	 XLB 	27.6588
10/1/2010	 XLB 	29.9608
11/1/2010	 XLB 	30.2965
12/1/2010	 XLB 	33.0688
1/1/2011	 XLB 	33.3637
2/1/2011	 XLB 	34.249
3/1/2011	 XLB 	34.735
4/1/2011	 XLB 	35.5899
5/1/2011	 XLB 	34.6146
6/1/2011	 XLB 	34.2837
7/1/2011	 XLB 	33.2846
8/1/2011	 XLB 	30.9465
9/1/2011	 XLB 	25.71
10/1/2011	 XLB 	30.3276
11/1/2011	 XLB 	30.3892
12/1/2011	 XLB 	29.4913
1/1/2012	 XLB 	32.9588
2/1/2012	 XLB 	32.7726
3/1/2012	 XLB 	32.7726
4/1/2012	 XLB 	32.6304
5/1/2012	 XLB 	30.0944
6/1/2012	 XLB 	31.4025
7/1/2012	 XLB 	31.1701
8/1/2012	 XLB 	31.8947
9/1/2012	 XLB 	32.9236
10/1/2012	 XLB 	32.4035
11/1/2012	 XLB 	33.0061
12/1/2012	 XLB 	33.7616
1/1/2013	 XLB 	35.4028
2/1/2013	 XLB 	34.9219
3/1/2013	 XLB 	35.548
4/1/2013	 XLB 	36.0315
5/1/2013	 XLB 	36.7148
6/1/2013	 XLB 	34.9382
7/1/2013	 XLB 	37.1611
8/1/2013	 XLB 	37.1152
9/1/2013	 XLB 	38.5657
10/1/2013	 XLB 	40.3826
11/1/2013	 XLB 	40.9085
12/1/2013	 XLB 	42.643
1/1/2014	 XLB 	40.8875
2/1/2014	 XLB 	43.7099
3/1/2014	 XLB 	43.8956
4/1/2014	 XLB 	44.434
5/1/2014	 XLB 	45.7483
6/1/2014	 XLB 	46.2703
7/1/2014	 XLB 	45.5598
8/1/2014	 XLB 	47.3204
9/1/2014	 XLB 	46.4401
10/1/2014	 XLB 	45.5359
11/1/2014	 XLB 	46.2509
12/1/2014	 XLB 	45.7053
1/1/2015	 XLB 	45.1508
2/1/2015	 XLB 	48.7484
3/1/2015	 XLB 	46.1827
4/1/2015	 XLB 	47.9159
5/1/2015	 XLB 	48.0965
6/1/2015	 XLB 	45.9868
7/1/2015	 XLB 	43.8675
8/1/2015	 XLB 	41.414
9/1/2015	 XLB 	38.1394
10/1/2015	 XLB 	43.4683
11/1/2015	 XLB 	43.9003
12/1/2015	 XLB 	41.6828
1/1/2016	 XLB 	37.4976
2/1/2016	 XLB 	40.4282
3/1/2016	 XLB 	43.3394
4/1/2016	 XLB 	45.7124
5/1/2016	 XLB 	45.5571
6/1/2016	 XLB 	44.9748
7/1/2016	 XLB 	47.4918
8/1/2016	 XLB 	47.365
9/1/2016	 XLB 	46.575
10/1/2016	 XLB 	45.8348
11/1/2016	 XLB 	48.9624
12/1/2016	 XLB 	48.7271
1/1/2017	 XLB 	51.2793
2/1/2017	 XLB 	51.5655
3/1/2017	 XLB 	51.7234
4/1/2017	 XLB 	52.5395
5/1/2017	 XLB 	52.5494
6/1/2017	 XLB 	53.2721
7/1/2017	 XLB 	54.3473
8/1/2017	 XLB 	54.775
9/1/2017	 XLB 	56.4957
10/1/2017	 XLB 	59
11/1/2017	 XLB 	58.83
12/1/1998	 XLK 	26.404
1/1/1999	 XLK 	30.6023
2/1/1999	 XLK 	27.5674
3/1/1999	 XLK 	29.6159
4/1/1999	 XLK 	29.793
5/1/1999	 XLK 	29.8941
6/1/1999	 XLK 	32.7647
7/1/1999	 XLK 	32.3853
8/1/1999	 XLK 	33.5234
9/1/1999	 XLK 	33.3843
10/1/1999	 XLK 	34.396
11/1/1999	 XLK 	37.7723
12/1/1999	 XLK 	43.6019
1/1/2000	 XLK 	40.9219
2/1/2000	 XLK 	45.2215
3/1/2000	 XLK 	49.0152
4/1/2000	 XLK 	44.5133
5/1/2000	 XLK 	39.8849
6/1/2000	 XLK 	43.8557
7/1/2000	 XLK 	41.5289
8/1/2000	 XLK 	45.7526
9/1/2000	 XLK 	37.5328
10/1/2000	 XLK 	35.383
11/1/2000	 XLK 	28.1243
12/1/2000	 XLK 	25.3422
1/1/2001	 XLK 	30.1881
2/1/2001	 XLK 	22.6694
3/1/2001	 XLK 	20.0714
4/1/2001	 XLK 	23.3169
5/1/2001	 XLK 	22.3619
6/1/2001	 XLK 	22.7989
7/1/2001	 XLK 	21.2207
8/1/2001	 XLK 	18.6308
9/1/2001	 XLK 	15.5796
10/1/2001	 XLK 	17.2792
11/1/2001	 XLK 	19.861
12/1/2001	 XLK 	19.424
1/1/2002	 XLK 	19.2136
2/1/2002	 XLK 	16.7127
3/1/2002	 XLK 	17.5382
4/1/2002	 XLK 	15.4178
5/1/2002	 XLK 	14.7784
6/1/2002	 XLK 	12.8036
7/1/2002	 XLK 	11.5896
8/1/2002	 XLK 	11.4925
9/1/2002	 XLK 	9.5744
10/1/2002	 XLK 	11.9457
11/1/2002	 XLK 	13.8396
12/1/2002	 XLK 	11.9781
1/1/2003	 XLK 	11.7264
2/1/2003	 XLK 	11.7832
3/1/2003	 XLK 	11.6047
4/1/2003	 XLK 	12.6678
5/1/2003	 XLK 	13.7552
6/1/2003	 XLK 	13.8526
7/1/2003	 XLK 	14.2827
8/1/2003	 XLK 	14.9644
9/1/2003	 XLK 	14.8345
10/1/2003	 XLK 	15.922
11/1/2003	 XLK 	16.1492
12/1/2003	 XLK 	16.5387
1/1/2004	 XLK 	17.3666
2/1/2004	 XLK 	16.9253
3/1/2004	 XLK 	16.4758
4/1/2004	 XLK 	15.8465
5/1/2004	 XLK 	16.4676
6/1/2004	 XLK 	16.9171
7/1/2004	 XLK 	15.8873
8/1/2004	 XLK 	15.1845
9/1/2004	 XLK 	15.6258
10/1/2004	 XLK 	16.3123
11/1/2004	 XLK 	17.1459
12/1/2004	 XLK 	17.2522
1/1/2005	 XLK 	16.6027
2/1/2005	 XLK 	16.6277
3/1/2005	 XLK 	16.3027
4/1/2005	 XLK 	15.7276
5/1/2005	 XLK 	16.8194
6/1/2005	 XLK 	16.6027
7/1/2005	 XLK 	17.5445
8/1/2005	 XLK 	17.3778
9/1/2005	 XLK 	17.4195
10/1/2005	 XLK 	17.0194
11/1/2005	 XLK 	18.0946
12/1/2005	 XLK 	17.4195
1/1/2006	 XLK 	18.1263
2/1/2006	 XLK 	18.1682
3/1/2006	 XLK 	18.5794
4/1/2006	 XLK 	18.3361
5/1/2006	 XLK 	17.1444
6/1/2006	 XLK 	17.0605
7/1/2006	 XLK 	16.6158
8/1/2006	 XLK 	17.7822
9/1/2006	 XLK 	18.462
10/1/2006	 XLK 	19.231
11/1/2006	 XLK 	19.7776
12/1/2006	 XLK 	19.559
1/1/2007	 XLK 	20.0686
2/1/2007	 XLK 	19.5273
3/1/2007	 XLK 	19.7218
4/1/2007	 XLK 	20.6521
5/1/2007	 XLK 	21.6923
6/1/2007	 XLK 	21.65
7/1/2007	 XLK 	21.6229
8/1/2007	 XLK 	22.0376
9/1/2007	 XLK 	22.8247
10/1/2007	 XLK 	24.0829
11/1/2007	 XLK 	22.2682
12/1/2007	 XLK 	22.6074
1/1/2008	 XLK 	19.8067
2/1/2008	 XLK 	18.8696
3/1/2008	 XLK 	19.0826
4/1/2008	 XLK 	20.2807
5/1/2008	 XLK 	21.6015
6/1/2008	 XLK 	19.5223
7/1/2008	 XLK 	19.0995
8/1/2008	 XLK 	19.4413
9/1/2008	 XLK 	16.9631
10/1/2008	 XLK 	14.2773
11/1/2008	 XLK 	13.0768
12/1/2008	 XLK 	13.214
1/1/2009	 XLK 	12.6554
2/1/2009	 XLK 	12.1726
3/1/2009	 XLK 	13.4657
4/1/2009	 XLK 	14.9459
5/1/2009	 XLK 	15.2924
6/1/2009	 XLK 	15.7776
7/1/2009	 XLK 	17.1459
8/1/2009	 XLK 	17.4244
9/1/2009	 XLK 	18.1642
10/1/2009	 XLK 	18.0044
11/1/2009	 XLK 	19.0003
12/1/2009	 XLK 	20.0311
1/1/2010	 XLK 	18.3759
2/1/2010	 XLK 	19.0159
3/1/2010	 XLK 	20.2521
4/1/2010	 XLK 	20.5716
5/1/2010	 XLK 	19.0325
6/1/2010	 XLK 	17.9419
7/1/2010	 XLK 	19.3469
8/1/2010	 XLK 	18.2613
9/1/2010	 XLK 	20.3178
10/1/2010	 XLK 	21.5694
11/1/2010	 XLK 	21.2151
12/1/2010	 XLK 	22.3135
1/1/2011	 XLK 	23.1049
2/1/2011	 XLK 	23.6116
3/1/2011	 XLK 	23.1671
4/1/2011	 XLK 	23.852
5/1/2011	 XLK 	23.6022
6/1/2011	 XLK 	22.9243
7/1/2011	 XLK 	23.1146
8/1/2011	 XLK 	21.8877
9/1/2011	 XLK 	21.1354
10/1/2011	 XLK 	23.3823
11/1/2011	 XLK 	23.0318
12/1/2011	 XLK 	22.8789
1/1/2012	 XLK 	24.4056
2/1/2012	 XLK 	26.1392
3/1/2012	 XLK 	27.2317
4/1/2012	 XLK 	27.0112
5/1/2012	 XLK 	25.2992
6/1/2012	 XLK 	26.0239
7/1/2012	 XLK 	26.6069
8/1/2012	 XLK 	27.7253
9/1/2012	 XLK 	28.0345
10/1/2012	 XLK 	26.3607
11/1/2012	 XLK 	26.5981
12/1/2012	 XLK 	26.3424
1/1/2013	 XLK 	26.999
2/1/2013	 XLK 	27.2103
3/1/2013	 XLK 	27.798
4/1/2013	 XLK 	28.4004
5/1/2013	 XLK 	29.1934
6/1/2013	 XLK 	28.2067
7/1/2013	 XLK 	29.4057
8/1/2013	 XLK 	29.0998
9/1/2013	 XLK 	29.693
10/1/2013	 XLK 	31.336
11/1/2013	 XLK 	32.3044
12/1/2013	 XLK 	33.2822
1/1/2014	 XLK 	32.5856
2/1/2014	 XLK 	34.0174
3/1/2014	 XLK 	34.0174
4/1/2014	 XLK 	34.2581
5/1/2014	 XLK 	35.5457
6/1/2014	 XLK 	36.0438
7/1/2014	 XLK 	36.8237
8/1/2014	 XLK 	38.0323
9/1/2014	 XLK 	37.6735
10/1/2014	 XLK 	38.4426
11/1/2014	 XLK 	40.2917
12/1/2014	 XLK 	39.2106
1/1/2015	 XLK 	38.0325
2/1/2015	 XLK 	41.0732
3/1/2015	 XLK 	39.5004
4/1/2015	 XLK 	40.7532
5/1/2015	 XLK 	41.5093
6/1/2015	 XLK 	39.6238
7/1/2015	 XLK 	40.9365
8/1/2015	 XLK 	38.956
9/1/2015	 XLK 	37.985
10/1/2015	 XLK 	42.1544
11/1/2015	 XLK 	42.4538
12/1/2015	 XLK 	41.3625
1/1/2016	 XLK 	40.0271
2/1/2016	 XLK 	39.765
3/1/2016	 XLK 	43.0553
4/1/2016	 XLK 	41.0976
5/1/2016	 XLK 	43.1071
6/1/2016	 XLK 	42.3072
7/1/2016	 XLK 	45.5323
8/1/2016	 XLK 	46.0617
9/1/2016	 XLK 	46.8361
10/1/2016	 XLK 	46.675
11/1/2016	 XLK 	46.7538
12/1/2016	 XLK 	47.6003
1/1/2017	 XLK 	49.5108
2/1/2017	 XLK 	51.755
3/1/2017	 XLK 	52.7041
4/1/2017	 XLK 	53.969
5/1/2017	 XLK 	56.1027
6/1/2017	 XLK 	54.3064
7/1/2017	 XLK 	56.9565
8/1/2017	 XLK 	58.6206
9/1/2017	 XLK 	58.8896
10/1/2017	 XLK 	62.95
11/1/2017	 XLK 	63.49
12/1/1998	 XLU 	15.4679
1/1/1999	 XLU 	15.0842
2/1/1999	 XLU 	14.6685
3/1/1999	 XLU 	13.6534
4/1/1999	 XLU 	15.0708
5/1/1999	 XLU 	15.2478
6/1/1999	 XLU 	15.7789
7/1/1999	 XLU 	15.9242
8/1/1999	 XLU 	15.1633
9/1/1999	 XLU 	15.4304
10/1/1999	 XLU 	15.6305
11/1/1999	 XLU 	15.1165
12/1/1999	 XLU 	14.6923
1/1/2000	 XLU 	14.5233
2/1/2000	 XLU 	12.7582
3/1/2000	 XLU 	14.0471
4/1/2000	 XLU 	15.0782
5/1/2000	 XLU 	15.0451
6/1/2000	 XLU 	14.4248
7/1/2000	 XLU 	14.7591
8/1/2000	 XLU 	15.3341
9/1/2000	 XLU 	17.2175
10/1/2000	 XLU 	18.3688
11/1/2000	 XLU 	18.3604
12/1/2000	 XLU 	17.8478
1/1/2001	 XLU 	17.0908
2/1/2001	 XLU 	17.4455
3/1/2001	 XLU 	17.0744
4/1/2001	 XLU 	18.0252
5/1/2001	 XLU 	18.1516
6/1/2001	 XLU 	17.1184
7/1/2001	 XLU 	17.0859
8/1/2001	 XLU 	16.477
9/1/2001	 XLU 	16.1948
10/1/2001	 XLU 	15.4606
11/1/2001	 XLU 	15.2654
12/1/2001	 XLU 	15.6335
1/1/2002	 XLU 	15.1869
2/1/2002	 XLU 	15.1588
3/1/2002	 XLU 	15.8389
4/1/2002	 XLU 	14.9982
5/1/2002	 XLU 	14.8736
6/1/2002	 XLU 	13.7403
7/1/2002	 XLU 	11.8308
8/1/2002	 XLU 	12.2999
9/1/2002	 XLU 	10.6809
10/1/2002	 XLU 	10.5621
11/1/2002	 XLU 	10.869
12/1/2002	 XLU 	11.089
1/1/2003	 XLU 	10.9575
2/1/2003	 XLU 	10.3715
3/1/2003	 XLU 	10.7817
4/1/2003	 XLU 	11.8385
5/1/2003	 XLU 	13.0348
6/1/2003	 XLU 	13.1
7/1/2003	 XLU 	12.3277
8/1/2003	 XLU 	12.5726
9/1/2003	 XLU 	13.0803
10/1/2003	 XLU 	13.2882
11/1/2003	 XLU 	13.3183
12/1/2003	 XLU 	14.0595
1/1/2004	 XLU 	14.4829
2/1/2004	 XLU 	14.7566
3/1/2004	 XLU 	14.7931
4/1/2004	 XLU 	14.2762
5/1/2004	 XLU 	14.4479
6/1/2004	 XLU 	14.5705
7/1/2004	 XLU 	14.9208
8/1/2004	 XLU 	15.527
9/1/2004	 XLU 	15.4961
10/1/2004	 XLU 	16.3866
11/1/2004	 XLU 	17.1164
12/1/2004	 XLU 	17.3722
1/1/2005	 XLU 	17.9095
2/1/2005	 XLU 	18.2936
3/1/2005	 XLU 	18.3566
4/1/2005	 XLU 	19.067
5/1/2005	 XLU 	19.0543
6/1/2005	 XLU 	20.0251
7/1/2005	 XLU 	20.6429
8/1/2005	 XLU 	20.7772
9/1/2005	 XLU 	21.4937
10/1/2005	 XLU 	20.27
11/1/2005	 XLU 	20.2378
12/1/2005	 XLU 	20.2314
1/1/2006	 XLU 	20.9059
2/1/2006	 XLU 	21.179
3/1/2006	 XLU 	20.0475
4/1/2006	 XLU 	20.5191
5/1/2006	 XLU 	20.8532
6/1/2006	 XLU 	21.1546
7/1/2006	 XLU 	22.3557
8/1/2006	 XLU 	22.97
9/1/2006	 XLU 	22.4548
10/1/2006	 XLU 	23.8347
11/1/2006	 XLU 	24.4673
12/1/2006	 XLU 	24.454
1/1/2007	 XLU 	24.5889
2/1/2007	 XLU 	25.8926
3/1/2007	 XLU 	26.6788
4/1/2007	 XLU 	28.1404
5/1/2007	 XLU 	28.2687
6/1/2007	 XLU 	26.7418
7/1/2007	 XLU 	25.8518
8/1/2007	 XLU 	26.26
9/1/2007	 XLU 	27.0764
10/1/2007	 XLU 	29.083
11/1/2007	 XLU 	29.2748
12/1/2007	 XLU 	29.0008
1/1/2008	 XLU 	27.0748
2/1/2008	 XLU 	25.9634
3/1/2008	 XLU 	26.1912
4/1/2008	 XLU 	27.7291
5/1/2008	 XLU 	28.7234
6/1/2008	 XLU 	28.2992
7/1/2008	 XLU 	26.6738
8/1/2008	 XLU 	26.3796
9/1/2008	 XLU 	23.2765
10/1/2008	 XLU 	20.4297
11/1/2008	 XLU 	21.2847
12/1/2008	 XLU 	20.5145
1/1/2009	 XLU 	20.7379
2/1/2009	 XLU 	18.1403
3/1/2009	 XLU 	18.2834
4/1/2009	 XLU 	18.7024
5/1/2009	 XLU 	19.3681
6/1/2009	 XLU 	20.1784
7/1/2009	 XLU 	21.1768
8/1/2009	 XLU 	21.389
9/1/2009	 XLU 	21.4622
10/1/2009	 XLU 	20.9888
11/1/2009	 XLU 	22.0016
12/1/2009	 XLU 	22.9331
1/1/2010	 XLU 	22.0908
2/1/2010	 XLU 	21.799
3/1/2010	 XLU 	22.188
4/1/2010	 XLU 	22.9742
5/1/2010	 XLU 	21.7063
6/1/2010	 XLU 	21.3289
7/1/2010	 XLU 	23.1632
8/1/2010	 XLU 	23.4988
9/1/2010	 XLU 	23.9335
10/1/2010	 XLU 	24.441
11/1/2010	 XLU 	23.7013
12/1/2010	 XLU 	24.1482
1/1/2011	 XLU 	24.7336
2/1/2011	 XLU 	25.0377
3/1/2011	 XLU 	24.8506
4/1/2011	 XLU 	26.1114
5/1/2011	 XLU 	26.6705
6/1/2011	 XLU 	26.3634
7/1/2011	 XLU 	26.3855
8/1/2011	 XLU 	26.9583
9/1/2011	 XLU 	26.7435
10/1/2011	 XLU 	28.0049
11/1/2011	 XLU 	28.2942
12/1/2011	 XLU 	28.913
1/1/2012	 XLU 	28.1804
2/1/2012	 XLU 	28.3511
3/1/2012	 XLU 	28.473
4/1/2012	 XLU 	29.2448
5/1/2012	 XLU 	29.4088
6/1/2012	 XLU 	30.3356
7/1/2012	 XLU 	31.3877
8/1/2012	 XLU 	30.0881
9/1/2012	 XLU 	30.1212
10/1/2012	 XLU 	30.8666
11/1/2012	 XLU 	29.5449
12/1/2012	 XLU 	29.2103
1/1/2013	 XLU 	30.9442
2/1/2013	 XLU 	31.6633
3/1/2013	 XLU 	33.076
4/1/2013	 XLU 	35.3514
5/1/2013	 XLU 	32.1516
6/1/2013	 XLU 	32.1089
7/1/2013	 XLU 	33.8444
8/1/2013	 XLU 	32.1547
9/1/2013	 XLU 	32.2151
10/1/2013	 XLU 	33.7508
11/1/2013	 XLU 	33.0981
12/1/2013	 XLU 	33.0458
1/1/2014	 XLU 	34.3936
2/1/2014	 XLU 	35.5811
3/1/2014	 XLU 	36.4695
4/1/2014	 XLU 	38.3256
5/1/2014	 XLU 	37.9087
6/1/2014	 XLU 	39.2569
7/1/2014	 XLU 	36.9
8/1/2014	 XLU 	38.7159
9/1/2014	 XLU 	37.6514
10/1/2014	 XLU 	41.0416
11/1/2014	 XLU 	41.52
12/1/2014	 XLU 	43.2981
1/1/2015	 XLU 	43.8844
2/1/2015	 XLU 	41.1889
3/1/2015	 XLU 	40.4603
4/1/2015	 XLU 	40.9441
5/1/2015	 XLU 	40.9717
6/1/2015	 XLU 	39.7601
7/1/2015	 XLU 	40.0384
8/1/2015	 XLU 	39.6216
9/1/2015	 XLU 	40.094
10/1/2015	 XLU 	40.9026
11/1/2015	 XLU 	40.0331
12/1/2015	 XLU 	40.4632
1/1/2016	 XLU 	42.9029
2/1/2016	 XLU 	43.7342
3/1/2016	 XLU 	46.8702
4/1/2016	 XLU 	46.0806
5/1/2016	 XLU 	46.7753
6/1/2016	 XLU 	49.9349
7/1/2016	 XLU 	50.0075
8/1/2016	 XLU 	47.2347
9/1/2016	 XLU 	47.0044
10/1/2016	 XLU 	47.831
11/1/2016	 XLU 	45.2377
12/1/2016	 XLU 	46.9988
1/1/2017	 XLU 	48.0498
2/1/2017	 XLU 	50.5803
3/1/2017	 XLU 	50.1308
4/1/2017	 XLU 	50.8957
5/1/2017	 XLU 	53.0024
6/1/2017	 XLU 	51.1517
7/1/2017	 XLU 	52.8172
8/1/2017	 XLU 	54.5539
9/1/2017	 XLU 	52.6484
10/1/2017	 XLU 	55.12
11/1/2017	 XLU 	55.21
